customer_segment,total_ltv,customer_count,avg_ltv
3 - High-Value,135429277.3,12372,10946.43366
2 - Mid-Value,66636451.79,24743,2693.143588
1 - Low-Value,4341809.527,12372,350.9383711
