cohort_year,Customer Count,Total Revenue,Customer Revenue
2015,2825,7245612.977,2564.818753
2016,3397,9839134.341,2896.418705
2017,4068,11771496.31,2893.681493
2018,7446,19773770.56,2655.623228
2019,7755,22245058.22,2868.479461
2020,3031,7058614.523,2328.807167
2021,4663,11974082.36,2567.892422
2022,9010,21507554.55,2387.075977
2023,5890,12890580.84,2188.553623
2024,1402,2764779.661,1972.025436
